City_ID,City,Lat,Lng,Max Temp,Humidity,Cloudiness,Wind Speed,Country,Date
0,punta arenas,-53.15,-70.9167,4.06,75,75,5.66,CL,1681707819
1,bluff,-46.6,168.3333,17.03,68,99,2.33,NZ,1681707820
2,birjand,32.8663,59.2211,16.26,27,100,0.0,IR,1681707639
3,vaini,-21.2,-175.2,26.09,83,75,8.23,TO,1681707820
4,pangody,65.85,74.4859,-15.46,90,100,6.5,RU,1681707821
5,fortuna,40.5982,-124.1573,9.08,88,86,1.39,US,1681707821
6,roebourne,-20.7833,117.1333,28.93,20,2,5.9,AU,1681707821
7,port-gentil,-0.7193,8.7815,26.24,83,100,5.32,GA,1681707822
8,hermanus,-34.4187,19.2345,16.25,63,8,1.63,ZA,1681707822
9,aqtobe,50.2797,57.2072,2.05,60,0,1.0,KZ,1681707757
10,puerto ayora,-0.7393,-90.3518,23.64,100,98,0.45,EC,1681707823
11,rawson,-43.3002,-65.1023,11.16,68,45,11.89,AR,1681707823
12,ushuaia,-54.8,-68.3,2.81,75,40,2.06,AR,1681707780
13,albany,42.6001,-73.9662,17.73,78,42,1.79,US,1681707602
14,east london,-33.0153,27.9116,11.52,93,0,1.54,ZA,1681707643
15,sokoni,-6.4333,39.55,25.92,83,90,5.32,TZ,1681707824
16,juneau,58.3019,-134.4197,4.0,90,20,0.0,US,1681707824
17,inhambane,-23.865,35.3833,16.99,88,20,0.0,MZ,1681707825
18,rikitea,-23.1203,-134.9692,26.45,82,47,5.01,PF,1681707825
19,ayan,56.45,138.1667,-1.56,81,51,1.97,RU,1681707825
20,nabire,-3.3667,135.4833,30.52,66,41,3.07,ID,1681707825
21,asau,46.4333,26.4,7.51,98,100,1.82,RO,1681707825
22,lorengau,-2.0226,147.2712,27.98,78,97,3.97,PG,1681707826
23,tomatlan,19.9333,-105.25,20.75,82,1,1.1,MX,1681707826
24,batemans bay,-35.7167,150.1833,18.39,56,20,3.51,AU,1681707826
25,katsuura,35.1333,140.3,19.01,66,48,3.18,JP,1681707826
26,miraflores,19.2167,-98.8083,15.02,60,78,1.93,MX,1681707827
27,namibe,-15.1961,12.1522,24.04,80,16,1.76,AO,1681707827
28,atuona,-9.8,-139.0333,27.62,76,62,8.52,PF,1681707828
29,luganville,-15.5333,167.1667,28.32,79,95,1.47,VU,1681707828
30,hobart,-42.8794,147.3294,19.92,53,40,8.75,AU,1681707701
31,marawi,7.9986,124.2928,29.21,51,17,2.61,PH,1681707829
32,mataura,-46.1927,168.8643,16.05,69,98,0.98,NZ,1681707829
33,coquimbo,-29.9533,-71.3436,13.85,82,0,3.6,CL,1681707830
34,jamestown,42.097,-79.2353,8.77,90,100,5.66,US,1681707830
35,ust-maya,60.4167,134.5333,3.5,85,16,3.17,RU,1681707830
36,padang,-0.9492,100.3543,30.03,67,96,2.72,ID,1681707716
37,dukat,62.55,155.55,-4.29,87,100,1.71,RU,1681707830
38,qaanaaq,77.484,-69.3632,-18.19,73,0,3.23,GL,1681707830
39,cape town,-33.9258,18.4232,17.73,84,0,5.36,ZA,1681707421
40,ancud,-41.8697,-73.8203,8.26,83,86,1.52,CL,1681707831
41,haines junction,60.7522,-137.5108,2.97,60,99,1.03,CA,1681707831
42,baturaja,-4.1333,104.1667,32.84,54,90,1.49,ID,1681707831
43,chicama,-7.8447,-79.1469,24.3,80,100,1.99,PE,1681707831
44,bethel,41.3712,-73.414,14.8,89,100,3.09,US,1681707832
45,bredasdorp,-34.5322,20.0403,12.99,80,9,1.4,ZA,1681707832
46,avarua,-21.2078,-159.775,24.03,53,90,2.57,CK,1681707832
47,college,64.8569,-147.8028,-1.03,66,75,2.57,US,1681707832
48,codrington,-38.2667,141.9667,19.28,65,78,5.41,AU,1681707833
49,ixtapa,20.7,-105.2,24.01,80,1,0.95,MX,1681707833
50,port elizabeth,-33.918,25.5701,10.16,93,0,1.54,ZA,1681707833
51,boa vista,2.8197,-60.6733,23.99,94,75,3.6,BR,1681707663
52,abu samrah,35.3029,37.1841,20.76,34,4,0.94,SY,1681707834
53,burley,42.5357,-113.7928,14.55,25,94,4.02,US,1681707665
54,ahipara,-35.1667,173.1667,19.37,74,14,6.75,NZ,1681707834
55,fairbanks,64.8378,-147.7164,-1.02,66,75,2.57,US,1681707809
56,paramonga,-10.6667,-77.8333,23.97,84,99,3.49,PE,1681707834
57,namatanai,-3.6667,152.4333,29.2,65,32,2.65,PG,1681707835
58,gutierrez,4.2547,-74.0025,13.88,95,100,1.46,CO,1681707835
59,berwick,41.0545,-76.2333,19.29,87,60,3.87,US,1681707802
60,port alfred,-33.5906,26.891,18.1,48,4,2.42,ZA,1681707835
61,vila franca do campo,37.7167,-25.4333,15.23,86,89,2.53,PT,1681707835
62,tucuman,-26.8241,-65.2226,16.0,100,100,0.0,AR,1681707836
63,cidreira,-30.1811,-50.2056,19.79,95,56,5.28,BR,1681707836
64,clyde river,70.4692,-68.5914,-17.87,78,0,9.77,CA,1681707836
65,kapaa,22.0752,-159.319,24.5,84,20,2.57,US,1681707836
66,meulaboh,4.1363,96.1285,30.18,67,40,2.41,ID,1681707836
67,buluang,13.3068,123.3425,29.79,70,96,1.27,PH,1681707837
68,roquebrune-cap-martin,43.7641,7.4821,15.85,58,52,2.12,FR,1681707837
69,wanning,18.8003,110.3967,28.31,76,85,4.86,CN,1681707837
70,busselton,-33.65,115.3333,20.02,67,100,7.48,AU,1681707654
71,talnakh,69.4865,88.3972,-12.3,79,50,0.57,RU,1681707838
72,cherskiy,68.75,161.3,-1.51,74,13,2.45,RU,1681707838
73,provideniya,64.3833,-173.3,-7.94,67,75,4.02,RU,1681707838
74,emerald,-23.5333,148.1667,28.52,54,49,1.83,AU,1681707838
75,thompson,55.7435,-97.8558,-1.91,50,40,2.57,CA,1681707839
76,hilo,19.7297,-155.09,23.49,96,98,0.89,US,1681707616
77,geraldton,-28.7667,114.6,24.23,50,100,6.69,AU,1681707758
78,coro,11.4045,-69.6734,24.02,86,65,5.04,VE,1681707839
79,butaritari,3.0707,172.7902,28.18,77,69,4.72,KI,1681707840
80,lebu,-37.6167,-73.65,10.11,81,35,4.97,CL,1681707840
81,riyadh,24.6877,46.7219,19.08,59,100,2.45,SA,1681707747
82,pitkyaranta,61.5734,31.4792,-0.88,99,93,1.83,RU,1681707841
83,suez,29.9737,32.5263,20.14,45,0,4.19,EG,1681707841
84,caucaia,-3.7361,-38.6531,25.97,86,75,1.54,BR,1681707841
85,zholymbet,51.7433,71.7122,-1.54,77,100,7.05,KZ,1681707842
86,salalah,17.0151,54.0924,28.67,60,0,1.88,OM,1681707842
87,nanortalik,60.1432,-45.2371,-0.43,87,99,0.5,GL,1681707842
88,peleduy,59.6289,112.7406,-3.77,60,69,3.18,RU,1681707842
89,najran,17.4924,44.1277,20.36,45,58,2.85,SA,1681707843
90,cayenne,4.9333,-52.3333,24.02,100,75,0.51,GF,1681707843
91,mount gambier,-37.8333,140.7667,18.4,76,82,2.72,AU,1681707845
92,pemba,-12.974,40.5178,23.39,94,100,2.24,MZ,1681707845
93,saint-denis,48.9167,2.3333,6.39,84,100,3.09,FR,1681707845
94,khatanga,71.9667,102.5,-9.03,83,100,6.11,RU,1681707845
95,barrow,71.2906,-156.7887,-18.99,71,0,3.6,US,1681707845
96,kropotkin,45.4375,40.5756,6.59,43,98,10.28,RU,1681707846
97,longyearbyen,78.2186,15.6401,0.91,93,75,4.12,SJ,1681707846
98,yerbogachen,61.2767,108.0108,-5.1,69,53,4.19,RU,1681707846
99,rio grande,-32.035,-52.0986,17.23,92,99,3.28,BR,1681707847
100,yanam,16.7333,82.2167,37.46,32,82,2.74,IN,1681707847
101,lalin,42.7167,-8.1167,8.03,87,95,1.57,ES,1681707847
102,balsas,-7.5325,-46.0356,23.42,86,91,1.22,BR,1681707652
103,castro,-24.7911,-50.0119,15.76,98,79,1.82,BR,1681707848
104,garmsar,35.2182,52.3409,17.27,38,69,1.13,IR,1681707849
105,mar del plata,-38.0023,-57.5575,9.49,84,0,1.54,AR,1681707825
106,banepa,27.6298,85.5214,26.18,29,20,1.54,NP,1681707849
107,san juan,-31.5375,-68.5364,14.25,61,0,0.88,AR,1681707850
108,nemuro,43.3236,145.575,1.73,77,100,12.35,JP,1681707850
109,micheweni,-4.9667,39.8333,26.12,85,92,4.45,TZ,1681707850
110,okato,-39.2,173.8833,19.95,100,2,2.87,NZ,1681707850
111,bambous virieux,-20.3428,57.7575,28.45,89,40,0.0,MU,1681707851
112,luderitz,-26.6481,15.1594,20.18,41,9,0.86,NA,1681707851
113,hokitika,-42.7167,170.9667,16.21,76,75,3.73,NZ,1681707852
114,dingle,10.9995,122.6711,32.51,54,88,3.49,PH,1681707852
115,jibuti,11.5,42.5,25.5,66,17,7.74,DJ,1681707853
116,georgetown,5.4112,100.3354,32.96,70,20,3.6,MY,1681707811
117,rafaela,-31.2503,-61.4867,12.77,58,95,2.97,AR,1681707854
118,sivas,39.7916,37.0019,10.35,81,0,3.6,TR,1681707854
119,teseney,15.11,36.6575,28.57,50,6,4.13,ER,1681707854
120,port hedland,-20.3167,118.5667,30.03,21,7,3.6,AU,1681707699
121,konya,38.1667,32.5,7.71,47,100,3.52,TR,1681707855
122,yenagoa,4.9247,6.2642,24.71,92,100,1.44,NG,1681707855
123,porto novo,6.4965,2.6036,28.9,79,94,2.59,BJ,1681707637
124,hervey bay,-25.2986,152.8535,28.34,62,73,6.91,AU,1681707856
125,hithadhoo,-0.6,73.0833,28.81,66,24,1.0,MV,1681707856
126,songea,-10.6833,35.65,17.22,96,97,2.28,TZ,1681707856
127,neiafu,-18.65,-173.9833,26.38,89,100,4.63,TO,1681707857
128,vydrino,51.485,104.8461,0.23,55,95,1.21,RU,1681707858
129,odda,60.0691,6.5457,5.43,79,78,2.18,NO,1681707858
130,pierre,44.3683,-100.351,3.81,54,0,4.02,US,1681707858
131,wattegama,6.7989,81.4808,32.33,51,17,2.4,LK,1681707858
132,pombas,17.1503,-25.0201,21.88,81,90,5.42,CV,1681707859
133,noyabrsk,63.1994,75.4507,-17.6,88,76,7.1,RU,1681707859
134,aginskoye,51.1,114.53,6.12,19,61,4.72,RU,1681707859
135,apostolove,47.66,33.7137,6.49,53,97,7.36,UA,1681707859
136,sterlibashevo,53.4376,55.2578,3.86,50,2,5.3,RU,1681707859
137,masterton,-40.9597,175.6575,18.27,75,64,2.97,NZ,1681707860
138,san patricio,28.017,-97.5169,22.92,57,0,3.07,US,1681707860
139,faanui,-16.4833,-151.75,27.05,76,18,3.24,PF,1681707860
140,narsaq,60.9167,-46.05,4.12,58,81,2.93,GL,1681707796
141,trento,46.0679,11.1211,10.39,70,33,1.84,IT,1681707861
142,sri aman,1.2376,111.4621,32.03,70,20,1.03,MY,1681707861
143,marang,5.2056,103.2059,32.76,64,100,2.67,MY,1681707862
144,tiksi,71.6872,128.8694,-12.43,91,100,1.68,RU,1681707862
145,yeppoon,-23.1333,150.7333,29.88,61,39,4.69,AU,1681707863
146,ulladulla,-35.35,150.4667,22.09,57,48,3.31,AU,1681707712
147,nikolskoye,59.7035,30.7861,4.95,76,80,0.92,RU,1681707863
148,coshocton,40.272,-81.8596,9.6,70,77,1.34,US,1681707864
149,tadine,-21.55,167.8833,27.65,82,100,8.24,NC,1681707864
150,rocha,-34.4833,-54.3333,12.86,96,100,1.41,UY,1681707686
151,brae,60.3964,-1.353,7.58,93,71,5.72,GB,1681707864
152,georgiyevskoye,58.731,45.024,5.45,62,100,0.73,RU,1681707864
153,krasnoselkup,65.7,82.4667,-12.46,78,81,3.28,RU,1681707865
154,dikson,73.5069,80.5464,-13.28,97,100,4.89,RU,1681707839
155,talcahuano,-36.7167,-73.1167,8.82,81,0,2.06,CL,1681707626
156,bandarbeyla,9.4942,50.8122,27.88,68,41,2.63,SO,1681707866
157,sitka,57.0531,-135.33,8.94,49,75,4.12,US,1681707866
158,yellowknife,62.456,-114.3525,3.29,65,75,6.17,CA,1681707611
159,kodiak,57.79,-152.4072,0.73,75,100,8.23,US,1681707867
160,petauke,-14.2426,31.3253,17.54,84,100,2.91,ZM,1681707868
161,ponta do sol,32.6667,-17.1,19.35,74,75,1.79,PT,1681707868
162,srednekolymsk,67.45,153.6833,-1.61,84,43,2.56,RU,1681707868
163,kayerkan,69.3497,87.7602,-13.87,83,44,0.94,RU,1681707869
164,kaitangata,-46.2817,169.8464,17.18,73,100,0.09,NZ,1681707869
165,severo-yeniseyskiy,60.3725,93.0408,-9.2,87,100,3.66,RU,1681707869
166,ribeira grande,38.5167,-28.7,13.76,81,79,2.68,PT,1681707870
167,tateyama,34.9833,139.8667,18.96,48,40,5.14,JP,1681707870
168,tombouctou,20.0,-3.0,24.14,10,0,4.1,ML,1681707871
169,corinto,37.9407,22.9573,13.27,68,72,1.26,GR,1681707694
170,acarau,-2.8856,-40.12,24.78,90,100,3.45,BR,1681707681
171,bykovo,55.6361,38.0803,7.37,52,0,1.0,RU,1681707871
172,beringovskiy,63.05,179.3167,-8.14,93,78,2.13,RU,1681707871
173,sisimiut,66.9395,-53.6735,-9.0,85,47,6.01,GL,1681707872
174,alice springs,-23.7,133.8833,19.75,37,0,7.2,AU,1681707872
175,aligudarz,33.4006,49.6949,11.59,33,0,1.56,IR,1681707873
176,baruun-urt,46.6806,113.2792,9.21,31,50,2.31,MN,1681707873
177,leningradskiy,69.3833,178.4167,-13.29,93,6,3.42,RU,1681707874
178,carnarvon,-24.8667,113.6333,23.55,52,100,6.19,AU,1681707874
179,taltal,-25.4,-70.4833,17.48,78,1,1.39,CL,1681707737
180,sao filipe,14.8961,-24.4956,23.45,81,10,4.66,CV,1681707874
181,portland,45.5234,-122.6762,7.71,78,65,2.24,US,1681707550
182,yar-sale,66.8333,70.8333,-15.21,88,96,6.98,RU,1681707875
183,grand gaube,-20.0064,57.6608,28.54,73,32,5.04,MU,1681707875
184,den helder,52.9599,4.7593,7.79,99,100,3.13,NL,1681707694
185,umm lajj,25.0213,37.2685,25.45,41,3,1.92,SA,1681707707
186,sangar,63.9242,127.4739,1.16,87,100,6.56,RU,1681707876
187,rio branco,-9.9747,-67.81,24.34,100,0,1.54,BR,1681707876
188,marshfield,44.6689,-90.1718,-1.05,93,100,10.29,US,1681707876
189,saint george,37.1041,-113.5841,17.75,28,0,3.6,US,1681707647
190,virginia beach,36.8529,-75.978,22.03,81,40,5.14,US,1681707877
191,upernavik,72.7868,-56.1549,-23.34,100,100,2.31,GL,1681707877
192,bay roberts,47.5999,-53.2648,-1.14,92,94,2.06,CA,1681707877
193,pevek,69.7008,170.3133,-12.52,83,40,1.23,RU,1681707877
194,hofn,64.2539,-15.2082,8.23,99,100,7.55,IS,1681707877
195,bubaque,11.2833,-15.8333,25.49,69,14,3.04,GW,1681707878
196,clocolan,-28.9137,27.5656,8.5,44,6,0.64,ZA,1681707878
197,moron,-34.6534,-58.6198,14.44,96,100,2.14,AR,1681707878
198,richards bay,-28.783,32.0377,16.96,84,0,3.51,ZA,1681707878
199,verkhnyaya inta,65.9811,60.3094,-5.46,72,100,3.14,RU,1681707878
200,aklavik,68.2191,-135.0107,-12.98,94,100,5.1,CA,1681707879
201,bonthe,7.5264,-12.505,26.55,88,66,1.74,SL,1681707791
202,klyuchi,52.2667,79.1667,-2.31,91,100,6.3,RU,1681707879
203,harper,4.375,-7.7169,25.15,90,92,0.93,LR,1681707879
204,shakawe,-18.3667,21.85,16.31,63,8,2.58,BW,1681707880
205,yakeshi,49.2833,120.7333,11.74,29,100,5.65,CN,1681707880
206,phek,25.6667,94.5,28.71,15,54,2.63,IN,1681707880
207,kosai,34.7105,137.5316,19.92,30,4,9.82,JP,1681707880
208,tasiilaq,65.6145,-37.6368,2.09,87,100,15.34,GL,1681707881
209,puerto del rosario,28.5004,-13.8627,17.86,77,0,2.57,ES,1681707881
210,new norfolk,-42.7826,147.0587,19.72,60,76,4.47,AU,1681707881
211,tautira,-17.7333,-149.15,27.47,73,31,3.22,PF,1681707881
212,antalaha,-14.9003,50.2788,25.65,75,7,2.81,MG,1681707881
213,brusque,-27.0981,-48.9175,22.83,100,100,0.47,BR,1681707652
214,hasaki,35.7333,140.8333,19.05,50,70,5.32,JP,1681707882
215,olafsvik,64.8945,-23.7142,6.53,93,51,5.14,IS,1681707882
216,lampazos de naranjo,27.0167,-100.5167,20.0,42,0,5.34,MX,1681707882
217,champerico,14.3,-91.9167,28.11,68,11,4.3,GT,1681707882
218,alekseyevsk,57.8406,108.3492,-1.95,56,100,3.04,RU,1681707883
219,labuhan,-6.8844,112.2051,29.37,72,79,2.84,ID,1681707883
220,amurzet,47.6967,131.0981,11.6,27,10,3.0,RU,1681707883
221,saint anthony,45.0205,-93.218,1.03,79,100,11.32,US,1681707883
222,lata,40.1629,-8.3327,11.99,58,46,2.04,PT,1681707884
223,pacific grove,36.6177,-121.9166,11.68,83,0,4.47,US,1681707719
224,palmer,42.1584,-72.3287,15.9,89,100,3.09,US,1681707884
225,saskylakh,71.9167,114.0833,-11.84,92,100,5.35,RU,1681707884
226,acapulco,16.8634,-99.8901,25.83,82,2,1.5,MX,1681707805
227,chokurdakh,70.6333,147.9167,-10.29,90,17,2.16,RU,1681707885
228,laguna,38.421,-121.4238,13.75,75,0,2.57,US,1681707885
229,moose factory,51.2585,-80.6094,1.0,86,100,5.66,CA,1681707886
230,kenai,60.5544,-151.2583,3.41,83,100,4.63,US,1681707886
231,bonfim,3.0833,-59.95,24.91,84,99,3.1,BR,1681707886
232,puerto penasco,31.3167,-113.5333,19.39,72,0,0.45,MX,1681707886
233,torbay,47.6666,-52.7314,-0.79,89,20,2.06,CA,1681707886
234,trincomalee,8.5711,81.2335,35.62,34,7,1.96,LK,1681707887
235,loukhi,66.0764,33.0381,-1.84,87,50,1.2,RU,1681707887
236,vanimo,-2.6741,141.3028,28.41,75,100,0.97,PG,1681707691
237,baijiantan,45.6333,85.1833,14.92,37,99,3.52,CN,1681707887
238,mbandaka,0.0487,18.2603,20.87,98,99,1.33,CD,1681707887
239,lagoa,39.05,-27.9833,14.49,70,93,8.54,PT,1681707887
240,camacha,33.0833,-16.3333,15.68,82,20,7.2,PT,1681707888
241,buzmeyin,38.0507,58.2056,8.85,43,26,1.03,TM,1681707888
242,ilulissat,69.2167,-51.1,-18.01,99,41,1.94,GL,1681707888
243,port blair,11.6667,92.75,32.42,54,97,0.75,IN,1681707710
244,airai,-8.9266,125.4092,20.64,81,100,2.22,TL,1681707888
245,parabel,58.6978,81.4825,-13.57,74,100,5.62,RU,1681707889
246,touros,-5.1989,-35.4608,24.75,92,99,3.59,BR,1681707889
247,kahului,20.8947,-156.47,25.47,73,20,4.12,US,1681707889
248,retalhuleu,14.5333,-91.6833,28.16,94,21,1.5,GT,1681707600
249,kamenka,51.3223,42.7678,7.32,47,92,2.61,RU,1681707889
250,akhisar,38.9185,27.8401,15.11,70,100,0.28,TR,1681707890
251,yulara,-25.2406,130.9889,21.99,27,0,4.75,AU,1681707890
252,port hawkesbury,45.6169,-61.3485,5.54,99,100,4.12,CA,1681707890
253,tuatapere,-46.1333,167.6833,15.89,71,100,2.5,NZ,1681707890
254,darhan,49.4867,105.9228,1.78,51,100,3.4,MN,1681707890
255,port hardy,50.6996,-127.4199,4.0,93,100,3.6,CA,1681707820
256,inongo,-1.95,18.2667,22.08,95,99,0.27,CD,1681707891
257,havelock,34.8791,-76.9013,21.1,85,0,5.66,US,1681707891
258,atasu,48.6814,71.6433,-0.07,65,100,8.48,KZ,1681707891
259,ulagan,50.6321,87.9563,3.8,83,100,1.78,RU,1681707891
260,muros,42.7762,-9.0603,10.47,91,88,2.5,ES,1681707892
261,general higinio morinigo,-25.95,-55.9167,18.33,100,81,0.5,PY,1681707892
262,moerai,-22.4333,-151.3333,24.45,57,100,5.32,PF,1681707892
263,beloha,-25.1667,45.05,21.04,65,34,4.23,MG,1681707892
264,korla,41.7597,86.1469,21.24,23,64,6.81,CN,1681707773
265,samarai,-10.6167,150.6667,29.39,63,100,1.24,PG,1681707893
266,arraial do cabo,-22.9661,-42.0278,20.1,97,6,2.23,BR,1681707893
267,mandalgovi,45.7625,106.2708,9.56,13,20,11.63,MN,1681707893
268,bagan,54.1001,77.6646,0.57,46,100,7.88,RU,1681707893
269,kedrovyy,56.1667,91.8167,-1.74,52,84,3.99,RU,1681707893
270,bengkulu,-3.8004,102.2655,29.22,65,76,2.71,ID,1681707894
271,sindor,62.8629,51.8905,-2.62,92,100,2.47,RU,1681707894
272,grindavik,63.8424,-22.4338,8.26,93,100,5.66,IS,1681707894
273,cobija,-11.0267,-68.7692,22.67,99,99,0.62,BO,1681707894
274,mongo,12.1844,18.693,27.99,17,66,2.84,TD,1681707894
275,zhezkazgan,47.8043,67.7144,-1.01,74,75,9.0,KZ,1681707895
276,mahebourg,-20.4081,57.7,28.47,89,40,0.0,MU,1681707895
277,opunake,-39.4556,173.8583,20.47,67,3,1.74,NZ,1681707895
278,canico,32.6333,-16.85,19.35,55,40,7.72,PT,1681707895
279,makokou,0.5738,12.8642,20.5,99,99,0.82,GA,1681707742
280,havre-saint-pierre,50.2334,-63.5986,1.2,75,100,3.6,CA,1681707896
281,flinders,-34.5833,150.8552,22.32,58,74,0.89,AU,1681707896
282,souillac,-20.5167,57.5167,26.21,89,40,0.0,MU,1681707896
283,hami,42.8,93.45,21.35,26,10,3.84,CN,1681707896
284,sinegorye,62.0788,150.477,-4.83,85,99,1.52,RU,1681707897
285,komsomolskiy,40.4272,71.7189,18.4,32,75,5.14,UZ,1681707897
286,conceicao do castelo,-20.3683,-41.2439,18.89,97,81,1.29,BR,1681707897
287,plettenberg bay,-34.0527,23.3716,15.82,51,0,1.08,ZA,1681707897
288,victoria,22.2855,114.1577,29.42,77,5,3.58,HK,1681707605
289,syumsi,57.1111,51.6149,4.35,65,100,0.88,RU,1681707898
290,leo,11.1,-2.1,26.79,28,87,2.58,BF,1681707898
291,naze,28.3667,129.4833,21.51,52,0,3.92,JP,1681707898
292,buraydah,26.326,43.975,19.25,69,2,2.92,SA,1681707898
293,ampanihy,-24.7,44.75,20.21,71,2,5.72,MG,1681707898
294,lasa,46.6166,10.7002,2.42,91,54,2.68,IT,1681707899
295,pisco,-13.7,-76.2167,22.03,83,0,3.6,PE,1681707899
296,ostersund,63.1792,14.6357,1.45,93,40,2.06,SE,1681707704
297,karratha,-20.7377,116.8463,28.87,21,1,6.33,AU,1681707899
298,shingu,33.7333,135.9833,18.0,41,21,4.34,JP,1681707899
299,san cristobal,7.7669,-72.225,21.1,94,100,0.77,VE,1681707900
300,nambour,-26.6333,152.95,25.61,81,61,2.68,AU,1681707900
301,gat,31.61,34.7642,25.22,66,0,0.93,IL,1681707783
302,entebbe,0.0644,32.4469,23.18,73,20,3.6,UG,1681707900
303,altamira,-3.2033,-52.2064,23.28,99,100,0.72,BR,1681707901
304,whitefish,48.4111,-114.3376,7.81,83,100,2.57,US,1681707901
305,vila velha,-20.3297,-40.2925,22.19,92,40,1.54,BR,1681707741
306,te anau,-45.4167,167.7167,15.28,63,100,1.94,NZ,1681707902
307,dubuque,42.4833,-90.8668,-0.67,80,100,9.26,US,1681707607
308,ullapool,57.8987,-5.1604,12.97,90,92,2.46,GB,1681707903
309,vaitape,-16.5167,-151.75,27.57,73,27,3.66,PF,1681707765
310,ambilobe,-13.2,49.05,25.47,78,77,1.26,MG,1681707904
311,synya,65.3718,58.0387,-0.66,95,100,1.56,RU,1681707904
312,kavieng,-2.5744,150.7967,28.49,73,96,4.44,PG,1681707904
313,shahr-e babak,30.1165,55.1186,15.74,23,91,4.23,IR,1681707905
314,selaphum,16.0299,103.9383,37.27,33,32,4.62,TH,1681707906
315,marstal,54.8562,10.5173,6.95,83,17,3.6,DK,1681707906
316,pichayevo,53.2363,42.2032,7.94,37,91,1.98,RU,1681707906
317,marsh harbour,26.5412,-77.0636,24.92,83,60,6.32,BS,1681707633
318,russkaya polyana,49.417,31.9201,6.71,66,96,5.38,UA,1681707907
319,guane,22.2025,-84.0875,22.89,87,72,1.93,CU,1681707907
320,chuy,-33.6971,-53.4616,16.54,69,90,4.09,UY,1681707907
321,el alto,-4.2714,-81.2147,24.45,83,100,6.38,PE,1681707674
322,mwene-ditu,-7.0,23.45,18.49,98,100,0.91,CD,1681707908
323,kaeo,-35.1,173.7833,20.74,85,17,6.83,NZ,1681707909
324,dayong,25.0209,118.2898,32.21,34,0,3.87,CN,1681707910
325,rorvik,64.8621,11.2373,3.06,87,0,1.03,NO,1681707910
326,abnub,27.2696,31.1511,16.12,20,0,1.21,EG,1681707912
327,tuktoyaktuk,69.4541,-133.0374,-12.0,85,100,3.6,CA,1681707914
328,petropavlovsk-kamchatskiy,53.0452,158.6483,3.33,75,75,11.0,RU,1681707916
329,iqaluit,63.7506,-68.5145,-18.15,78,75,3.09,CA,1681707690
330,lofthus,59.9468,10.8018,3.82,98,81,1.21,NO,1681707917
331,oktyabrskoye,43.0645,44.7417,2.08,100,77,1.0,RU,1681707917
332,akyab,20.15,92.9,30.97,66,23,3.82,MM,1681707917
333,maneadero,31.7167,-116.5667,13.39,81,41,1.79,MX,1681707919
334,hastings,50.8552,0.5729,9.73,42,99,2.69,GB,1681707921
335,saint-philippe,-21.3585,55.7679,27.77,79,46,4.43,RE,1681707922
336,nokaneng,-19.6667,22.2667,17.34,69,11,2.93,BW,1681707922
337,moussoro,13.6408,16.4901,26.78,10,63,3.94,TD,1681707922
338,huarmey,-10.0681,-78.1522,24.86,82,98,3.8,PE,1681707923
339,wageningen,51.9667,5.6667,8.35,97,100,2.57,NL,1681707923
340,eirunepe,-6.6603,-69.8736,22.91,98,100,0.49,BR,1681707923
341,tanout,14.9709,8.8879,25.48,14,52,4.66,NE,1681707923
342,keita,14.7551,5.7749,27.08,37,95,2.3,NE,1681707924
343,raga,8.4596,25.678,27.97,38,100,1.44,SS,1681707925
344,port-cartier,50.0334,-66.8654,2.12,86,91,2.59,CA,1681707925
345,shimoda,34.6667,138.95,19.2,51,34,3.02,JP,1681707925
346,batagay,67.6333,134.6333,-2.07,83,99,0.44,RU,1681707925
347,young,-32.6833,-57.6333,13.63,69,95,3.46,UY,1681707920
348,inhuma,-6.6683,-41.7078,23.12,78,97,1.15,BR,1681707926
349,preobrazheniye,42.9019,133.9064,7.17,67,68,3.57,RU,1681707926
350,pyaozerskiy,65.8333,31.1667,-3.25,95,98,1.29,RU,1681707927
351,soma,39.1855,27.6094,14.73,73,100,0.54,TR,1681707927
352,calama,-22.4667,-68.9333,6.27,39,0,6.69,CL,1681707646
353,emmett,43.8735,-116.4993,13.94,69,100,0.78,US,1681707927
354,le havre,49.4938,0.1077,6.51,75,0,2.06,FR,1681707645
355,teguise,29.0605,-13.564,16.12,77,0,3.09,ES,1681707928
356,puerto asis,0.5133,-76.5007,22.53,98,100,1.18,CO,1681707928
357,paamiut,61.994,-49.6678,-1.12,79,5,9.49,GL,1681707796
358,husavik,66.0449,-17.3389,5.34,88,100,4.37,IS,1681707928
359,cabo san lucas,22.8909,-109.9124,21.95,58,35,5.51,MX,1681707892
360,muisne,0.6,-80.0333,23.84,89,100,1.47,EC,1681707929
361,minggang,32.4586,114.0486,32.2,35,26,7.65,CN,1681707924
362,hinton,53.4001,-117.5857,0.38,96,98,1.15,CA,1681707667
363,alyangula,-13.8483,136.4192,28.07,62,93,6.35,AU,1681707931
364,gursarai,25.6148,79.1788,39.53,9,4,5.47,IN,1681707931
365,gamba,-2.65,10.0,24.09,90,100,2.45,GA,1681707931
366,coihaique,-45.5752,-72.0662,0.97,93,0,1.03,CL,1681707931
367,amzacea,43.95,28.4,10.52,91,84,6.82,RO,1681707932
368,sarkand,45.41,79.9186,9.45,88,99,4.94,KZ,1681707932
369,manokwari,-0.8667,134.0833,28.32,79,96,4.53,ID,1681707932
370,fort nelson,58.8053,-122.7002,10.77,43,100,0.0,CA,1681707933
371,romny,50.751,33.4747,6.8,57,94,4.99,UA,1681707933
372,daru,-9.0763,143.2092,28.58,79,94,3.46,PG,1681707933
373,shafter,35.5005,-119.2718,19.48,63,6,4.4,US,1681707933
374,szczytno,53.5626,20.9875,5.96,93,100,3.09,PL,1681707344
375,okitipupa,6.5047,4.7839,24.99,94,100,0.39,NG,1681707934
376,esperance,-33.8667,121.9,22.34,54,3,5.85,AU,1681707934
377,gamboma,-1.8764,15.8644,21.78,94,100,1.11,CG,1681707743
378,olivet,47.8622,1.8991,5.55,92,0,1.54,FR,1681707935
379,sao joao da barra,-21.6403,-41.0511,22.69,86,0,1.24,BR,1681707809
380,chumikan,54.7183,135.315,-0.74,82,76,0.45,RU,1681707936
381,humberto de campos,-2.5983,-43.4611,24.26,94,100,0.84,BR,1681707936
382,quatre cocos,-20.2078,57.7625,28.38,77,56,3.99,MU,1681707936
383,ryotsu,38.0833,138.4333,8.56,64,93,3.91,JP,1681707937
384,bayshore gardens,27.4253,-82.5904,23.88,85,0,3.6,US,1681707937
385,saint-joseph,-21.3667,55.6167,27.48,78,32,2.52,RE,1681707937
386,bowen,-20.0167,148.2333,23.78,85,100,3.33,AU,1681707938
387,sao miguel do araguaia,-13.275,-50.1628,24.9,74,96,1.33,BR,1681707657
388,hailun,47.45,126.9333,13.01,19,79,4.29,CN,1681707938
389,kruisfontein,-34.0033,24.7314,13.57,58,0,1.66,ZA,1681707938
390,half moon bay,37.4636,-122.4286,12.41,86,100,5.66,US,1681707939
391,kannangad,12.3081,75.1063,31.79,64,39,3.06,IN,1681707939
392,paciran,-6.8767,112.3761,29.3,72,91,2.81,ID,1681707939
393,miri,4.4148,114.0089,32.08,70,40,2.57,MY,1681707939
394,derzhavinsk,51.1,66.3167,-0.85,79,47,7.25,KZ,1681707939
395,arlit,18.7369,7.3853,25.11,14,1,2.67,NE,1681707940
396,sao gabriel da cachoeira,-0.1303,-67.0892,21.88,100,100,0.81,BR,1681707940
397,uyutne,45.1994,33.3014,7.86,69,100,9.68,UA,1681707940
398,mayor pablo lagerenza,-19.9309,-60.7718,20.05,95,93,1.88,PY,1681707940
399,french harbor,16.35,-86.4333,27.0,83,20,7.72,HN,1681707941
400,devgarh,25.5333,73.9,32.66,18,0,5.24,IN,1681707941
401,lompoc,34.6391,-120.4579,9.88,90,0,4.12,US,1681707685
402,kisangani,0.5167,25.2,20.91,99,100,1.62,CD,1681707941
403,puerto escondido,15.85,-97.0667,26.74,75,4,0.61,MX,1681707941
404,thunder bay,48.4001,-89.3168,-2.01,80,100,7.2,CA,1681707942
405,cabanas,22.9758,-82.9219,24.26,83,96,4.21,CU,1681707942
406,ciudad bolivar,8.1222,-63.5497,27.33,60,95,4.91,VE,1681707942
407,verkhoyansk,67.5447,133.385,-2.51,81,100,0.82,RU,1681707943
408,broome,42.2506,-75.833,18.44,84,100,4.12,US,1681707944
409,besancon,47.2488,6.0182,7.1,92,99,1.62,FR,1681707944
410,pundaguitan,6.3711,126.1689,28.6,71,72,3.21,PH,1681707944
411,camacari,-12.6975,-38.3242,27.87,87,21,1.47,BR,1681707944
412,dong hoi,17.4833,106.6,30.64,71,84,4.56,VN,1681707945
413,kasamwa,-2.85,32.4333,18.97,90,92,1.5,TZ,1681707945
414,santa fe,-31.6333,-60.7,15.0,83,97,1.79,AR,1681707901
415,laminusa,5.5549,120.9136,28.74,66,60,0.72,PH,1681707945
416,la libertad,-2.2333,-80.9,24.83,87,100,4.46,EC,1681707946
417,itarema,-2.9248,-39.9167,24.49,91,100,3.19,BR,1681707946
418,ongandjera,-17.8833,15.0667,20.66,40,19,1.85,NA,1681707946
419,kampot,10.6167,104.1833,29.03,62,39,3.66,KH,1681707947
420,ngaoundere,7.3167,13.5833,17.14,73,89,1.15,CM,1681707947
421,abha,18.2164,42.5053,19.14,45,0,3.09,SA,1681707947
422,vao,-22.6667,167.4833,26.57,87,99,5.39,NC,1681707947
423,axim,4.8699,-2.2405,26.51,84,99,2.19,GH,1681707948
424,makaryev,57.8797,43.8069,7.04,48,100,1.36,RU,1681707948
425,kirakira,-10.4544,161.9205,29.0,68,81,2.96,SB,1681707948
426,constitucion,-35.3333,-72.4167,9.56,87,1,4.39,CL,1681707948
427,la paz,-16.5,-68.15,9.21,80,41,1.03,BO,1681707948
428,santo tomas,14.1079,121.1414,31.14,57,77,1.09,PH,1681707949
429,mehamn,71.0357,27.8492,1.97,93,75,5.66,NO,1681707949
430,aksu,41.1231,80.2644,22.6,15,100,6.41,CN,1681707949
431,rio gallegos,-51.6226,-69.2181,3.03,65,40,7.2,AR,1681707949
432,gornopravdinsk,60.05,69.9,-11.15,62,16,5.23,RU,1681707949
433,kenora,49.8167,-94.4337,-0.46,69,40,4.12,CA,1681707950
434,gizo,-8.103,156.8419,28.43,61,15,3.09,SB,1681707950
435,jinxiang,27.4327,120.6062,23.44,72,32,3.4,CN,1681707950
436,upata,8.0086,-62.3989,24.0,84,78,1.76,VE,1681707950
437,burnie,-41.0667,145.9167,21.36,71,21,4.39,AU,1681707950
438,jucas,-6.5253,-39.5275,22.16,98,100,1.85,BR,1681707840
439,viedma,-40.8135,-62.9967,12.39,44,100,3.83,AR,1681707951
440,zaraza,9.3503,-65.3245,25.48,75,98,3.69,VE,1681707951
441,kieta,-6.2167,155.6333,29.27,61,3,1.91,PG,1681707951
442,touba,8.2833,-7.6833,22.2,84,96,1.71,CI,1681707768
443,goderich,43.7501,-81.7165,7.18,76,89,6.17,CA,1681707710
444,mrakovo,52.7161,56.6244,4.05,51,4,3.55,RU,1681707952
445,nantucket,41.2835,-70.0995,11.08,100,100,1.54,US,1681707701
446,hovd,48.0056,91.6419,12.21,16,95,0.88,MN,1681707952
447,sioux lookout,50.1001,-91.917,-3.96,86,100,6.69,CA,1681707952
448,peterhead,57.5058,-1.7981,8.22,96,94,6.76,GB,1681707953
449,caravelas,-17.7125,-39.2481,23.89,83,83,2.42,BR,1681707953
450,kibakwe,-6.7167,36.3667,19.32,84,60,1.28,TZ,1681707953
451,guanica,17.9716,-66.908,22.81,77,2,2.28,PR,1681707953
452,gore,-46.1028,168.9436,15.71,69,99,0.82,NZ,1681707953
453,san quintin,30.4833,-115.95,13.49,86,16,6.13,MX,1681707954
454,cheremukhovo,60.3484,59.9851,-0.47,68,100,1.73,RU,1681707954
455,punta alta,-38.8759,-62.0736,14.48,70,8,4.82,AR,1681707954
456,sur,22.5667,59.5289,29.79,42,11,2.01,OM,1681707954
457,mehran,33.1222,46.1646,22.71,41,0,2.05,IR,1681707954
458,cody,44.5263,-109.0565,9.11,46,0,2.57,US,1681707688
459,piacabucu,-10.4056,-36.4344,25.24,83,35,1.9,BR,1681707820
460,blairmore,49.6,-114.4353,4.93,87,100,4.12,CA,1681707955
461,ostrovnoy,68.0531,39.5131,-5.09,85,32,2.85,RU,1681707955
462,sabang,5.8933,95.3214,29.08,71,14,2.22,ID,1681707955
463,barghat,22.0333,79.7167,37.32,11,4,4.86,IN,1681707956
464,mapastepec,15.4333,-92.9,25.9,80,69,2.1,MX,1681707956
465,goundam,16.4145,-3.6708,24.66,9,0,2.95,ML,1681707956
466,aransas pass,27.9095,-97.15,23.0,57,0,3.09,US,1681707956
467,cabedelo,-6.9811,-34.8339,24.37,84,97,4.0,BR,1681707957
468,kalabo,-14.97,22.6814,19.09,65,100,2.56,ZM,1681707957
469,gemunden,50.05,9.7,9.32,95,99,1.41,DE,1681707957
470,suntar,62.1444,117.6319,-5.37,72,100,5.48,RU,1681707957
471,aleksandrov gay,50.147,48.5704,7.8,50,10,3.77,RU,1681707958
472,ponta delgada,37.7333,-25.6667,15.4,77,75,2.06,PT,1681707958
473,varhaug,58.6147,5.6457,4.94,84,69,1.9,NO,1681707958
474,amguri,26.8,94.5333,35.8,24,2,2.51,IN,1681707958
475,culpeper,38.5004,-77.9664,19.84,68,100,4.63,US,1681707959
476,saldanha,-33.0117,17.9442,12.03,82,0,2.68,ZA,1681707959
477,olinda,-8.0089,-34.8553,23.85,88,75,1.54,BR,1681707766
478,kharabali,47.4196,47.2568,9.8,34,7,3.29,RU,1681707959
479,vostok,46.4856,135.8833,6.39,34,96,3.9,RU,1681707959
480,banyo,6.75,11.8167,18.99,70,99,0.66,CM,1681707960
481,novobirilyussy,56.9514,90.6661,-0.1,56,100,4.59,RU,1681707960
482,shenjiamen,29.9576,122.298,17.3,91,25,8.23,CN,1681707960
483,curup,-3.4667,102.5333,29.19,53,99,2.26,ID,1681707960
484,bolnisi,41.4479,44.5384,7.77,93,100,1.61,GE,1681707960
485,orange walk,17.8333,-88.8333,23.66,88,26,1.33,BZ,1681707918
486,sayan,-11.1361,-77.1933,21.69,90,99,0.95,PE,1681707961
487,balestrand,61.2076,6.5334,4.21,87,58,1.35,NO,1681707961
488,cochrane,51.1834,-114.4687,10.58,57,100,5.14,CA,1681707961
489,mamlyutka,54.9375,68.5394,-3.99,34,48,8.57,KZ,1681707962
490,moshenskoye,58.5102,34.5911,4.88,81,100,0.93,RU,1681707962
491,baykit,61.67,96.37,-5.48,72,100,2.29,RU,1681707962
492,yumen,40.2833,97.2,17.35,30,91,6.46,CN,1681707962
493,sandy bay,-42.913,147.3532,19.94,55,40,8.75,AU,1681707963
494,nuuk,64.1835,-51.7216,-1.66,93,20,6.71,GL,1681707963
495,bilma,18.6853,12.9164,26.83,11,38,4.39,NE,1681707964
496,novaya igirma,57.1334,103.9112,-0.62,53,100,2.77,RU,1681707964
497,klaksvik,62.2266,-6.589,10.51,99,100,8.05,FO,1681707965
498,batalha,-9.6778,-37.1247,22.87,93,57,1.67,BR,1681707966
499,havoysund,70.9963,24.6622,3.13,95,99,11.01,NO,1681707967
500,nome,64.5011,-165.4064,-10.96,62,0,2.57,US,1681707940
501,kundiawa,-6.0167,144.9667,23.02,70,92,1.0,PG,1681707967
502,miranda,3.2499,-76.2281,19.07,91,100,0.85,CO,1681707693
503,severo-kurilsk,50.6789,156.125,1.85,98,98,6.84,RU,1681707967
504,loa janan,-0.583,117.095,35.24,44,81,0.78,ID,1681707968
505,hambantota,6.1241,81.1185,31.19,74,20,2.06,LK,1681707968
506,dudinka,69.4058,86.1778,-13.61,89,87,3.99,RU,1681707968
507,itoman,26.1247,127.6694,27.43,60,0,5.66,JP,1681707969
508,chokwe,-24.5333,32.9833,17.9,84,0,1.04,MZ,1681707969
509,baile tusnad,46.15,25.85,6.1,92,97,2.88,RO,1681707969
510,aquiraz,-3.9014,-38.3911,26.05,89,98,2.61,BR,1681707970
511,murray bridge,-35.1167,139.2667,22.29,41,0,2.02,AU,1681707970
512,biak,-0.9131,122.8766,29.11,70,82,0.48,ID,1681707970
513,leshukonskoye,64.8989,45.7622,-1.25,92,100,1.36,RU,1681707970
514,antigonish,45.6169,-61.9986,5.64,97,100,1.52,CA,1681707971
515,homestead,25.4687,-80.4776,24.0,87,75,3.09,US,1681707971
516,collie,-33.3667,116.15,21.07,52,72,5.14,AU,1681707972
517,lukovetskiy,64.2956,41.9211,0.51,94,100,1.25,RU,1681707972
518,zhigansk,66.7697,123.3711,-0.78,90,82,1.35,RU,1681707973
519,kavaratti,10.5669,72.642,28.36,71,8,0.86,IN,1681707973
520,heyang,26.1011,107.473,20.57,85,98,4.75,CN,1681707974
521,emilio carranza,19.9711,-96.6114,20.47,93,100,4.9,MX,1681707974
522,lyngseidet,69.5763,20.2189,3.0,99,97,1.55,NO,1681707974
523,businga,3.3333,20.8833,20.9,99,100,0.16,CD,1681707975
524,norman wells,65.282,-126.8329,-3.98,74,75,1.54,CA,1681707975
525,lagos de moreno,21.35,-101.9167,15.59,69,29,4.08,MX,1681707975
526,barranca,-10.75,-77.7667,23.61,82,99,3.21,PE,1681707975
527,thiruvananthapuram,8.4833,76.9167,31.52,61,15,1.94,IN,1681707976
528,pavlovka,52.6897,47.1405,6.52,48,24,2.26,RU,1681707976
529,bone,51.9669,12.1396,7.36,88,99,4.03,DE,1681707977
530,miandrivazo,-19.5167,45.4667,25.79,68,10,1.68,MG,1681707977
531,sinnamary,5.3833,-52.95,25.09,89,100,4.15,GF,1681707686
532,sambava,-14.2667,50.1667,26.31,73,21,3.9,MG,1681707978
533,sorland,67.667,12.6934,5.92,80,100,2.8,NO,1681707978
534,comodoro rivadavia,-45.8667,-67.5,8.92,53,75,5.66,AR,1681707761
535,pithora,21.2667,82.5167,40.52,13,0,0.2,IN,1681707979
536,lima,-12.0432,-77.0282,23.83,80,0,6.17,PE,1681707445
537,shu,43.5983,73.7614,11.67,44,100,5.29,KZ,1681707980
538,mitu,1.1983,-70.1733,21.95,99,100,0.24,CO,1681707980
539,puerto baquerizo moreno,-0.9,-89.6,26.62,77,100,1.24,EC,1681707981
540,nong khae,14.3406,100.8673,37.93,33,41,4.62,TH,1681707981
541,bilibino,68.0546,166.4372,-5.65,67,38,0.95,RU,1681707981
542,belmonte,-15.8631,-38.8828,24.94,85,72,3.83,BR,1681707982
543,dunedin,-45.8742,170.5036,15.27,74,87,3.92,NZ,1681707982
544,netrakona,24.8833,90.7167,37.19,33,1,3.24,BD,1681707983
545,maldegem,51.2015,3.4472,8.28,91,100,2.93,BE,1681707983
546,necochea,-38.5473,-58.7368,8.9,79,57,4.43,AR,1681707984
547,manacapuru,-3.2997,-60.6206,24.19,92,100,1.49,BR,1681707984
548,takoradi,4.8845,-1.7554,26.83,82,92,2.49,GH,1681707984
549,banda,25.4833,80.3333,40.31,8,5,4.38,IN,1681707984
550,henties bay,-22.116,14.2845,19.08,70,63,3.55,NA,1681707985
551,banda aceh,5.5577,95.3222,30.91,65,13,3.02,ID,1681707985
552,omsukchan,62.5333,155.8,-3.28,87,100,1.56,RU,1681707986
553,tigil,57.8,158.6667,1.85,86,100,5.75,RU,1681707986
554,nalut,30.3333,10.85,12.11,43,0,5.49,LY,1681707986
555,jacmel,18.2342,-72.5347,23.91,85,4,1.02,HT,1681707987
556,kangaatsiaq,68.3065,-53.4641,-6.7,87,97,6.99,GL,1681707987
557,tura,25.5198,90.2201,35.21,28,2,3.29,IN,1681707899
558,duekoue,6.7472,-7.3496,23.68,96,75,1.05,CI,1681707718
